km,lat,lon,elev_m
0.0,52.1138406,16.105876,59.0
1.0,52.1213485,16.0978246,69.0
2.0,52.1288337,16.089712,65.0
3.0,52.1363184,16.0815966,65.0
4.0,52.1438025,16.0734786,65.0
5.0,52.1512861,16.0653578,60.0
6.0,52.1587691,16.0572343,61.0
7.0,52.1662516,16.0491081,59.0
8.0,52.1737335,16.0409791,63.0
9.0,52.1811453,16.0326933,58.0
10.0,52.1884328,16.024176,57.0
11.0,52.19613,16.0166062,56.0
12.0,52.2036018,16.0084472,59.0
13.0,52.2110731,16.0002854,65.0
14.0,52.2185438,15.9921209,59.0
15.0,52.226014,15.9839537,66.0
16.0,52.2334836,15.9757837,63.0
17.0,52.2398027,15.9654294,61.0
18.0,52.2451386,15.9536116,58.0
19.0,52.2504734,15.941791,57.0
20.0,52.2558069,15.9299675,56.0
21.0,52.2590272,15.9163643,56.0
22.0,52.2594802,15.9016991,57.0
23.0,52.2594129,15.8870422,56.0
24.0,52.2595211,15.8723565,62.0
25.0,52.2595333,15.8576638,65.0
26.0,52.2592564,15.8430238,71.0
27.0,52.25308,15.8329418,73.0
28.0,52.2454509,15.8251856,72.0
29.0,52.2378721,15.8173113,74.0
30.0,52.2310142,15.8080854,75.0
31.0,52.2232154,15.8014774,79.0
32.0,52.2148085,15.805424,72.0
33.0,52.2068602,15.8122569,77.0
34.0,52.1990278,15.8193707,73.0
35.0,52.1919,15.8281469,65.0
36.0,52.1832772,15.8264832,57.0
37.0,52.1751347,15.8202939,61.0
38.0,52.1669918,15.8141069,59.0
39.0,52.1591964,15.8069587,58.0
40.0,52.1549992,15.7943348,62.0
41.0,52.155381,15.7797596,66.0
42.0,52.1562665,15.7651881,74.0
43.0,52.1530159,15.7521001,77.0
44.0,52.1470041,15.7412208,82.0
45.0,52.1409913,15.7303444,84.0
46.0,52.1362971,15.7180964,91.0
47.0,52.1348529,15.7036759,95.0
48.0,52.1336428,15.6891737,91.0
49.0,52.1324249,15.6746746,90.0
50.0,52.127989,15.6622404,95.0
51.0,52.1207302,15.6536394,97.0
52.0,52.1133949,15.6451933,89.0
53.0,52.106059,15.63675,86.0
54.0,52.0987851,15.6281853,84.0
55.0,52.0923399,15.6180003,85.0
56.0,52.0860591,15.6075411,85.0
57.0,52.0797773,15.5970849,83.0
58.0,52.0734947,15.5866316,80.0
59.0,52.0672111,15.5761813,80.0
60.0,52.060636,15.5662573,82.0
61.0,52.0538073,15.5568,72.0
62.0,52.0509117,15.5431424,67.0
63.0,52.048798,15.5289737,58.0
64.0,52.0427343,15.5188004,55.0
65.0,52.0348579,15.5119217,49.0
66.0,52.0297081,15.5001173,49.0
67.0,52.0267716,15.4863142,48.0
68.0,52.0238336,15.472513,48.0
69.0,52.0204271,15.4590145,46.0
70.0,52.016839,15.4456263,51.0
71.0,52.0148618,15.4315593,58.0
72.0,52.0143769,15.417008,54.0
73.0,52.0165091,15.4028344,50.0
74.0,52.0187457,15.3886884,48.0
75.0,52.0209805,15.3745409,50.0
76.0,52.0232137,15.360392,50.0
77.0,52.0254452,15.3462416,55.0
78.0,52.0279205,15.3321995,61.0
79.0,52.0319011,15.3192032,52.0
80.0,52.035858,15.3062832,45.0
81.0,52.0378296,15.2920273,42.0
82.0,52.0392009,15.2776572,50.0
83.0,52.0392915,15.2630455,47.0
84.0,52.0393803,15.2484337,53.0
85.0,52.0394673,15.2338218,50.0
86.0,52.0395525,15.2192098,52.0
87.0,52.0401581,15.2046407,50.0
88.0,52.0408865,15.1900828,50.0
89.0,52.039603,15.1756541,42.0
90.0,52.0370678,15.1617457,44.0
91.0,52.0333909,15.148413,43.0
92.0,52.0306401,15.1346447,40.0
93.0,52.0293556,15.1201852,40.0
94.0,52.0301312,15.1057131,39.0
95.0,52.0322511,15.0915154,45.0
96.0,52.0343692,15.0773163,39.0
97.0,52.0347676,15.0629156,40.0
98.0,52.0318796,15.0490902,44.0
99.0,52.0288862,15.0353145,48.0
100.0,52.0258911,15.0215408,51.0
101.0,52.0228944,15.0077688,47.0
102.0,52.0198961,14.9939988,51.0
103.0,52.0168962,14.9802305,49.0
104.0,52.0145378,14.9661827,44.0
105.0,52.0128771,14.9518299,47.0
106.0,52.0112146,14.9374783,47.0
107.0,52.0095504,14.9231277,50.0
108.0,52.0078845,14.9087782,53.0
109.0,52.0062168,14.8944297,54.0
110.0,52.0045473,14.8800823,49.0
111.0,52.0027162,14.8657936,55.0
112.0,51.9993096,14.8523291,53.0
113.0,51.9945947,14.8399,57.0
114.0,51.9898786,14.8274736,64.0
115.0,51.9855485,14.8147244,54.0
116.0,51.984663,14.8002639,53.0
117.0,51.9843189,14.78568,55.0
118.0,51.983973,14.7710962,47.0
119.0,51.9826295,14.7567004,60.0
120.0,51.980911,14.7423759,53.0
121.0,51.9791908,14.7280524,49.0
122.0,51.9768254,14.7140847,50.0
123.0,51.9707294,14.7039382,43.0
124.0,51.9619483,14.7058353,44.0
125.0,51.9531453,14.7087557,44.0
126.0,51.9445814,14.7127052,45.0
127.0,51.9379491,14.7044222,48.0
128.0,51.9339531,14.6913614,46.0
129.0,51.9299082,14.6783563,49.0
130.0,51.9250917,14.6662887,67.0
131.0,51.918001,14.6576252,73.0
132.0,51.9142108,14.6444674,67.0
133.0,51.9104097,14.631276,76.0
134.0,51.9060044,14.6186174,76.0
135.0,51.9010149,14.606493,74.0
136.0,51.8960241,14.5943714,85.0
137.0,51.8910321,14.5822524,85.0
138.0,51.8860388,14.5701361,94.0
139.0,51.8821587,14.5570127,89.0
140.0,51.8784006,14.5437795,85.0
141.0,51.8746411,14.5305485,85.0
142.0,51.8708801,14.5173197,76.0
143.0,51.8671176,14.5040931,62.0
144.0,51.8633536,14.4908688,63.0
145.0,51.8595882,14.4776466,60.0
146.0,51.8558213,14.4644267,59.0
147.0,51.8499762,14.4536192,60.0
148.0,51.8416651,14.448221,63.0
149.0,51.8331177,14.443701,64.0
150.0,51.8248828,14.4380813,61.0
151.0,51.8193911,14.4268411,67.0
152.0,51.8180924,14.412613,64.0
153.0,51.8179667,14.3980854,62.0
154.0,51.8157756,14.384481,65.0
155.0,51.8080718,14.377803,62.0
156.0,51.7992699,14.3749543,64.0
157.0,51.7904161,14.3725166,68.0
158.0,51.7815622,14.3700799,71.0
159.0,51.7727083,14.3676441,67.0
160.0,51.7638756,14.3650712,69.0
161.0,51.7568716,14.3564743,73.0
162.0,51.7531133,14.3434997,72.0
163.0,51.7515786,14.3295151,76.0
164.0,51.7510933,14.3150326,75.0
165.0,51.7506734,14.3005405,76.0
166.0,51.7491051,14.2862764,75.0
167.0,51.748551,14.2717827,69.0
168.0,51.7480056,14.2572863,67.0
169.0,51.7470304,14.2428772,65.0
170.0,51.7453354,14.2286151,67.0
171.0,51.7443179,14.2142518,62.0
172.0,51.7443533,14.19973,72.0
173.0,51.744387,14.1852081,77.0
174.0,51.7444188,14.1706863,86.0
175.0,51.7444489,14.1561644,71.0
176.0,51.7444772,14.1416425,65.0
177.0,51.7444497,14.127122,63.0
178.0,51.7444878,14.1125985,62.0
179.0,51.7445293,14.0980758,63.0
180.0,51.744569,14.0835532,75.0
181.0,51.7445451,14.0690315,78.0
182.0,51.7443243,14.0545131,72.0
183.0,51.7441017,14.0399948,66.0
184.0,51.7438773,14.0254767,67.0
185.0,51.7436511,14.0109588,70.0
186.0,51.7432298,13.9964586,75.0
187.0,51.7395571,13.983354,82.0
188.0,51.7346471,13.9711923,85.0
189.0,51.7297372,13.9590385,90.0
190.0,51.7242472,13.9476488,101.0
191.0,51.718187,13.9369925,108.0
192.0,51.7129615,13.9251911,121.0
193.0,51.7082685,13.9129161,137.0
194.0,51.7071747,13.8986622,135.0
195.0,51.7039503,13.8853731,129.0
196.0,51.6988451,13.873439,127.0
197.0,51.6937387,13.8615077,139.0
198.0,51.6886311,13.849579,134.0
199.0,51.6833156,13.8378918,131.0
200.0,51.6779619,13.8262501,131.0
201.0,51.672607,13.8146111,124.0
202.0,51.6681993,13.8020003,122.0
203.0,51.664135,13.7890714,113.0
204.0,51.6601354,13.7760872,113.0
205.0,51.6561344,13.7631053,116.0
206.0,51.652132,13.7501257,110.0
207.0,51.64802,13.7372482,109.0
208.0,51.6430988,13.7251192,107.0
209.0,51.6381348,13.7130391,108.0
210.0,51.6340184,13.700288,110.0
211.0,51.632063,13.6861553,115.0
212.0,51.6301058,13.6720238,119.0
213.0,51.6281655,13.6578896,118.0
214.0,51.6282612,13.6434371,119.0
215.0,51.6290191,13.6290104,125.0
216.0,51.6294117,13.6145708,123.0
217.0,51.6276437,13.6004285,122.0
218.0,51.6249702,13.5865973,110.0
219.0,51.6222951,13.5727678,105.0
220.0,51.6196171,13.5589404,97.0
221.0,51.6169162,13.5451255,96.0
222.0,51.61412,13.5313661,95.0
223.0,51.6104179,13.5182276,102.0
224.0,51.6062065,13.505439,106.0
225.0,51.6028458,13.4920478,108.0
226.0,51.602154,13.4776475,119.0
227.0,51.6019726,13.4631772,112.0
228.0,51.6015942,13.4487246,107.0
229.0,51.5997295,13.4345927,104.0
230.0,51.5975562,13.4205476,99.0
231.0,51.5953172,13.4065269,97.0
232.0,51.5930764,13.3925076,94.0
233.0,51.5916396,13.3782436,91.0
234.0,51.5905355,13.3638782,88.0
235.0,51.5894459,13.3495098,88.0
236.0,51.588358,13.3351413,85.0
237.0,51.5872684,13.3207734,86.0
238.0,51.5861771,13.3064063,86.0
239.0,51.585084,13.2920398,85.0
240.0,51.5838864,13.2777051,87.0
241.0,51.5826846,13.2633896,88.0
242.0,51.5830879,13.2489932,90.0
243.0,51.5841429,13.2346205,88.0
244.0,51.5851115,13.2202341,84.0
245.0,51.5850733,13.20585,83.0
246.0,51.5835511,13.1915866,82.0
247.0,51.5820271,13.1773242,84.0
248.0,51.5806079,13.1630345,83.0
249.0,51.5792103,13.1487395,87.0
250.0,51.577811,13.1344454,83.0
251.0,51.5764099,13.1201521,90.0
252.0,51.5750071,13.1058598,89.0
253.0,51.5736026,13.0915683,84.0
254.0,51.5721963,13.0772777,82.0
255.0,51.5707884,13.062988,82.0
256.0,51.5695881,13.0486553,81.0
257.0,51.5686768,13.0342624,81.0
258.0,51.5677636,13.01987,81.0
259.0,51.5668252,13.0054826,83.0
260.0,51.5636685,12.9924386,84.0
261.0,51.5580088,12.9812444,84.0
262.0,51.5526468,12.9696344,86.0
263.0,51.5472836,12.958027,86.0
264.0,51.5420566,12.9462652,85.0
265.0,51.5377879,12.9335997,85.0
266.0,51.5340756,12.9204327,84.0
267.0,51.5303617,12.9072678,88.0
268.0,51.5266464,12.8941051,87.0
269.0,51.5229297,12.8809446,94.0
270.0,51.5192114,12.8677862,92.0
271.0,51.5154917,12.8546299,95.0
272.0,51.5117705,12.8414758,95.0
273.0,51.5080479,12.8283239,99.0
274.0,51.5043412,12.81516,101.0
275.0,51.5020418,12.8012231,104.0
276.0,51.500513,12.7869892,119.0
277.0,51.4989824,12.7727563,120.0
278.0,51.4969771,12.7587159,112.0
279.0,51.4924018,12.7462862,113.0
280.0,51.4878115,12.7338692,105.0
281.0,51.4832199,12.7214546,101.0
282.0,51.4786269,12.7090426,102.0
283.0,51.4740327,12.696633,102.0
284.0,51.4694371,12.684226,105.0
285.0,51.4648402,12.6718214,105.0
286.0,51.460242,12.6594194,101.0
287.0,51.4556359,12.6470247,102.0
288.0,51.4510308,12.6346322,102.0
289.0,51.4469782,12.6218374,106.0
290.0,51.4426855,12.609354,111.0
291.0,51.4415909,12.5957677,122.0
292.0,51.4429385,12.5817373,123.0
293.0,51.4400856,12.5687222,136.0
294.0,51.432168,12.5620187,131.0
295.0,51.4244127,12.5549225,127.0
296.0,51.4192079,12.5432947,126.0
297.0,51.4146388,12.530893,127.0
298.0,51.4100684,12.5184938,128.0
299.0,51.4042897,12.5075816,137.0
300.0,51.3975919,12.4980974,122.0
301.0,51.3889195,12.4948187,118.0
302.0,51.3810408,12.4891209,126.0
303.0,51.376114,12.4770814,126.0
304.0,51.371334,12.4648796,129.0
305.0,51.3666692,12.4525796,128.0
306.0,51.3690433,12.4400113,121.0
307.0,51.372382,12.4267624,115.0
308.0,51.3737792,12.412576,114.0
309.0,51.3719018,12.3997737,120.0
310.0,51.3631536,12.4003851,113.0
311.0,51.3556693,12.3925512,112.0
311.875372,51.3492697,12.3853012,111.0
