from_km,to_km,interval_km,from_elev_m,to_elev_m,grade_pct,full_1km_interval
0.0,1.0,1.0,59.0,69.0,1.0,True
1.0,2.0,1.0,69.0,65.0,-0.4,True
2.0,3.0,1.0,65.0,65.0,0.0,True
3.0,4.0,1.0,65.0,65.0,0.0,True
4.0,5.0,1.0,65.0,60.0,-0.5,True
5.0,6.0,1.0,60.0,61.0,0.1,True
6.0,7.0,1.0,61.0,59.0,-0.2,True
7.0,8.0,1.0,59.0,63.0,0.4,True
8.0,9.0,1.0,63.0,58.0,-0.5,True
9.0,10.0,1.0,58.0,57.0,-0.1,True
10.0,11.0,1.0,57.0,56.0,-0.1,True
11.0,12.0,1.0,56.0,59.0,0.3,True
12.0,13.0,1.0,59.0,65.0,0.6,True
13.0,14.0,1.0,65.0,59.0,-0.6,True
14.0,15.0,1.0,59.0,66.0,0.7,True
15.0,16.0,1.0,66.0,63.0,-0.3,True
16.0,17.0,1.0,63.0,61.0,-0.2,True
17.0,18.0,1.0,61.0,58.0,-0.3,True
18.0,19.0,1.0,58.0,57.0,-0.1,True
19.0,20.0,1.0,57.0,56.0,-0.1,True
20.0,21.0,1.0,56.0,56.0,0.0,True
21.0,22.0,1.0,56.0,57.0,0.1,True
22.0,23.0,1.0,57.0,56.0,-0.1,True
23.0,24.0,1.0,56.0,62.0,0.6,True
24.0,25.0,1.0,62.0,65.0,0.3,True
25.0,26.0,1.0,65.0,71.0,0.6,True
26.0,27.0,1.0,71.0,73.0,0.2,True
27.0,28.0,1.0,73.0,72.0,-0.1,True
28.0,29.0,1.0,72.0,74.0,0.2,True
29.0,30.0,1.0,74.0,75.0,0.1,True
30.0,31.0,1.0,75.0,79.0,0.4,True
31.0,32.0,1.0,79.0,72.0,-0.7,True
32.0,33.0,1.0,72.0,77.0,0.5,True
33.0,34.0,1.0,77.0,73.0,-0.4,True
34.0,35.0,1.0,73.0,65.0,-0.8,True
35.0,36.0,1.0,65.0,57.0,-0.8,True
36.0,37.0,1.0,57.0,61.0,0.4,True
37.0,38.0,1.0,61.0,59.0,-0.2,True
38.0,39.0,1.0,59.0,58.0,-0.1,True
39.0,40.0,1.0,58.0,62.0,0.4,True
40.0,41.0,1.0,62.0,66.0,0.4,True
41.0,42.0,1.0,66.0,74.0,0.8,True
42.0,43.0,1.0,74.0,77.0,0.3,True
43.0,44.0,1.0,77.0,82.0,0.5,True
44.0,45.0,1.0,82.0,84.0,0.2,True
45.0,46.0,1.0,84.0,91.0,0.7,True
46.0,47.0,1.0,91.0,95.0,0.4,True
47.0,48.0,1.0,95.0,91.0,-0.4,True
48.0,49.0,1.0,91.0,90.0,-0.1,True
49.0,50.0,1.0,90.0,95.0,0.5,True
50.0,51.0,1.0,95.0,97.0,0.2,True
51.0,52.0,1.0,97.0,89.0,-0.8,True
52.0,53.0,1.0,89.0,86.0,-0.3,True
53.0,54.0,1.0,86.0,84.0,-0.2,True
54.0,55.0,1.0,84.0,85.0,0.1,True
55.0,56.0,1.0,85.0,85.0,0.0,True
56.0,57.0,1.0,85.0,83.0,-0.2,True
57.0,58.0,1.0,83.0,80.0,-0.3,True
58.0,59.0,1.0,80.0,80.0,0.0,True
59.0,60.0,1.0,80.0,82.0,0.2,True
60.0,61.0,1.0,82.0,72.0,-1.0,True
61.0,62.0,1.0,72.0,67.0,-0.5,True
62.0,63.0,1.0,67.0,58.0,-0.9,True
63.0,64.0,1.0,58.0,55.0,-0.3,True
64.0,65.0,1.0,55.0,49.0,-0.6,True
65.0,66.0,1.0,49.0,49.0,0.0,True
66.0,67.0,1.0,49.0,48.0,-0.1,True
67.0,68.0,1.0,48.0,48.0,0.0,True
68.0,69.0,1.0,48.0,46.0,-0.2,True
69.0,70.0,1.0,46.0,51.0,0.5,True
70.0,71.0,1.0,51.0,58.0,0.7,True
71.0,72.0,1.0,58.0,54.0,-0.4,True
72.0,73.0,1.0,54.0,50.0,-0.4,True
73.0,74.0,1.0,50.0,48.0,-0.2,True
74.0,75.0,1.0,48.0,50.0,0.2,True
75.0,76.0,1.0,50.0,50.0,0.0,True
76.0,77.0,1.0,50.0,55.0,0.5,True
77.0,78.0,1.0,55.0,61.0,0.6,True
78.0,79.0,1.0,61.0,52.0,-0.9,True
79.0,80.0,1.0,52.0,45.0,-0.7,True
80.0,81.0,1.0,45.0,42.0,-0.3,True
81.0,82.0,1.0,42.0,50.0,0.8,True
82.0,83.0,1.0,50.0,47.0,-0.3,True
83.0,84.0,1.0,47.0,53.0,0.6,True
84.0,85.0,1.0,53.0,50.0,-0.3,True
85.0,86.0,1.0,50.0,52.0,0.2,True
86.0,87.0,1.0,52.0,50.0,-0.2,True
87.0,88.0,1.0,50.0,50.0,0.0,True
88.0,89.0,1.0,50.0,42.0,-0.8,True
89.0,90.0,1.0,42.0,44.0,0.2,True
90.0,91.0,1.0,44.0,43.0,-0.1,True
91.0,92.0,1.0,43.0,40.0,-0.3,True
92.0,93.0,1.0,40.0,40.0,0.0,True
93.0,94.0,1.0,40.0,39.0,-0.1,True
94.0,95.0,1.0,39.0,45.0,0.6,True
95.0,96.0,1.0,45.0,39.0,-0.6,True
96.0,97.0,1.0,39.0,40.0,0.1,True
97.0,98.0,1.0,40.0,44.0,0.4,True
98.0,99.0,1.0,44.0,48.0,0.4,True
99.0,100.0,1.0,48.0,51.0,0.3,True
100.0,101.0,1.0,51.0,47.0,-0.4,True
101.0,102.0,1.0,47.0,51.0,0.4,True
102.0,103.0,1.0,51.0,49.0,-0.2,True
103.0,104.0,1.0,49.0,44.0,-0.5,True
104.0,105.0,1.0,44.0,47.0,0.3,True
105.0,106.0,1.0,47.0,47.0,0.0,True
106.0,107.0,1.0,47.0,50.0,0.3,True
107.0,108.0,1.0,50.0,53.0,0.3,True
108.0,109.0,1.0,53.0,54.0,0.1,True
109.0,110.0,1.0,54.0,49.0,-0.5,True
110.0,111.0,1.0,49.0,55.0,0.6,True
111.0,112.0,1.0,55.0,53.0,-0.2,True
112.0,113.0,1.0,53.0,57.0,0.4,True
113.0,114.0,1.0,57.0,64.0,0.7,True
114.0,115.0,1.0,64.0,54.0,-1.0,True
115.0,116.0,1.0,54.0,53.0,-0.1,True
116.0,117.0,1.0,53.0,55.0,0.2,True
117.0,118.0,1.0,55.0,47.0,-0.8,True
118.0,119.0,1.0,47.0,60.0,1.3,True
119.0,120.0,1.0,60.0,53.0,-0.7,True
120.0,121.0,1.0,53.0,49.0,-0.4,True
121.0,122.0,1.0,49.0,50.0,0.1,True
122.0,123.0,1.0,50.0,43.0,-0.7,True
123.0,124.0,1.0,43.0,44.0,0.1,True
124.0,125.0,1.0,44.0,44.0,0.0,True
125.0,126.0,1.0,44.0,45.0,0.1,True
126.0,127.0,1.0,45.0,48.0,0.3,True
127.0,128.0,1.0,48.0,46.0,-0.2,True
128.0,129.0,1.0,46.0,49.0,0.3,True
129.0,130.0,1.0,49.0,67.0,1.8,True
130.0,131.0,1.0,67.0,73.0,0.6,True
131.0,132.0,1.0,73.0,67.0,-0.6,True
132.0,133.0,1.0,67.0,76.0,0.9,True
133.0,134.0,1.0,76.0,76.0,0.0,True
134.0,135.0,1.0,76.0,74.0,-0.2,True
135.0,136.0,1.0,74.0,85.0,1.1,True
136.0,137.0,1.0,85.0,85.0,0.0,True
137.0,138.0,1.0,85.0,94.0,0.9,True
138.0,139.0,1.0,94.0,89.0,-0.5,True
139.0,140.0,1.0,89.0,85.0,-0.4,True
140.0,141.0,1.0,85.0,85.0,0.0,True
141.0,142.0,1.0,85.0,76.0,-0.9,True
142.0,143.0,1.0,76.0,62.0,-1.4,True
143.0,144.0,1.0,62.0,63.0,0.1,True
144.0,145.0,1.0,63.0,60.0,-0.3,True
145.0,146.0,1.0,60.0,59.0,-0.1,True
146.0,147.0,1.0,59.0,60.0,0.1,True
147.0,148.0,1.0,60.0,63.0,0.3,True
148.0,149.0,1.0,63.0,64.0,0.1,True
149.0,150.0,1.0,64.0,61.0,-0.3,True
150.0,151.0,1.0,61.0,67.0,0.6,True
151.0,152.0,1.0,67.0,64.0,-0.3,True
152.0,153.0,1.0,64.0,62.0,-0.2,True
153.0,154.0,1.0,62.0,65.0,0.3,True
154.0,155.0,1.0,65.0,62.0,-0.3,True
155.0,156.0,1.0,62.0,64.0,0.2,True
156.0,157.0,1.0,64.0,68.0,0.4,True
157.0,158.0,1.0,68.0,71.0,0.3,True
158.0,159.0,1.0,71.0,67.0,-0.4,True
159.0,160.0,1.0,67.0,69.0,0.2,True
160.0,161.0,1.0,69.0,73.0,0.4,True
161.0,162.0,1.0,73.0,72.0,-0.1,True
162.0,163.0,1.0,72.0,76.0,0.4,True
163.0,164.0,1.0,76.0,75.0,-0.1,True
164.0,165.0,1.0,75.0,76.0,0.1,True
165.0,166.0,1.0,76.0,75.0,-0.1,True
166.0,167.0,1.0,75.0,69.0,-0.6,True
167.0,168.0,1.0,69.0,67.0,-0.2,True
168.0,169.0,1.0,67.0,65.0,-0.2,True
169.0,170.0,1.0,65.0,67.0,0.2,True
170.0,171.0,1.0,67.0,62.0,-0.5,True
171.0,172.0,1.0,62.0,72.0,1.0,True
172.0,173.0,1.0,72.0,77.0,0.5,True
173.0,174.0,1.0,77.0,86.0,0.9,True
174.0,175.0,1.0,86.0,71.0,-1.5,True
175.0,176.0,1.0,71.0,65.0,-0.6,True
176.0,177.0,1.0,65.0,63.0,-0.2,True
177.0,178.0,1.0,63.0,62.0,-0.1,True
178.0,179.0,1.0,62.0,63.0,0.1,True
179.0,180.0,1.0,63.0,75.0,1.2,True
180.0,181.0,1.0,75.0,78.0,0.3,True
181.0,182.0,1.0,78.0,72.0,-0.6,True
182.0,183.0,1.0,72.0,66.0,-0.6,True
183.0,184.0,1.0,66.0,67.0,0.1,True
184.0,185.0,1.0,67.0,70.0,0.3,True
185.0,186.0,1.0,70.0,75.0,0.5,True
186.0,187.0,1.0,75.0,82.0,0.7,True
187.0,188.0,1.0,82.0,85.0,0.3,True
188.0,189.0,1.0,85.0,90.0,0.5,True
189.0,190.0,1.0,90.0,101.0,1.1,True
190.0,191.0,1.0,101.0,108.0,0.7,True
191.0,192.0,1.0,108.0,121.0,1.3,True
192.0,193.0,1.0,121.0,137.0,1.6,True
193.0,194.0,1.0,137.0,135.0,-0.2,True
194.0,195.0,1.0,135.0,129.0,-0.6,True
195.0,196.0,1.0,129.0,127.0,-0.2,True
196.0,197.0,1.0,127.0,139.0,1.2,True
197.0,198.0,1.0,139.0,134.0,-0.5,True
198.0,199.0,1.0,134.0,131.0,-0.3,True
199.0,200.0,1.0,131.0,131.0,0.0,True
200.0,201.0,1.0,131.0,124.0,-0.7,True
201.0,202.0,1.0,124.0,122.0,-0.2,True
202.0,203.0,1.0,122.0,113.0,-0.9,True
203.0,204.0,1.0,113.0,113.0,0.0,True
204.0,205.0,1.0,113.0,116.0,0.3,True
205.0,206.0,1.0,116.0,110.0,-0.6,True
206.0,207.0,1.0,110.0,109.0,-0.1,True
207.0,208.0,1.0,109.0,107.0,-0.2,True
208.0,209.0,1.0,107.0,108.0,0.1,True
209.0,210.0,1.0,108.0,110.0,0.2,True
210.0,211.0,1.0,110.0,115.0,0.5,True
211.0,212.0,1.0,115.0,119.0,0.4,True
212.0,213.0,1.0,119.0,118.0,-0.1,True
213.0,214.0,1.0,118.0,119.0,0.1,True
214.0,215.0,1.0,119.0,125.0,0.6,True
215.0,216.0,1.0,125.0,123.0,-0.2,True
216.0,217.0,1.0,123.0,122.0,-0.1,True
217.0,218.0,1.0,122.0,110.0,-1.2,True
218.0,219.0,1.0,110.0,105.0,-0.5,True
219.0,220.0,1.0,105.0,97.0,-0.8,True
220.0,221.0,1.0,97.0,96.0,-0.1,True
221.0,222.0,1.0,96.0,95.0,-0.1,True
222.0,223.0,1.0,95.0,102.0,0.7,True
223.0,224.0,1.0,102.0,106.0,0.4,True
224.0,225.0,1.0,106.0,108.0,0.2,True
225.0,226.0,1.0,108.0,119.0,1.1,True
226.0,227.0,1.0,119.0,112.0,-0.7,True
227.0,228.0,1.0,112.0,107.0,-0.5,True
228.0,229.0,1.0,107.0,104.0,-0.3,True
229.0,230.0,1.0,104.0,99.0,-0.5,True
230.0,231.0,1.0,99.0,97.0,-0.2,True
231.0,232.0,1.0,97.0,94.0,-0.3,True
232.0,233.0,1.0,94.0,91.0,-0.3,True
233.0,234.0,1.0,91.0,88.0,-0.3,True
234.0,235.0,1.0,88.0,88.0,0.0,True
235.0,236.0,1.0,88.0,85.0,-0.3,True
236.0,237.0,1.0,85.0,86.0,0.1,True
237.0,238.0,1.0,86.0,86.0,0.0,True
238.0,239.0,1.0,86.0,85.0,-0.1,True
239.0,240.0,1.0,85.0,87.0,0.2,True
240.0,241.0,1.0,87.0,88.0,0.1,True
241.0,242.0,1.0,88.0,90.0,0.2,True
242.0,243.0,1.0,90.0,88.0,-0.2,True
243.0,244.0,1.0,88.0,84.0,-0.4,True
244.0,245.0,1.0,84.0,83.0,-0.1,True
245.0,246.0,1.0,83.0,82.0,-0.1,True
246.0,247.0,1.0,82.0,84.0,0.2,True
247.0,248.0,1.0,84.0,83.0,-0.1,True
248.0,249.0,1.0,83.0,87.0,0.4,True
249.0,250.0,1.0,87.0,83.0,-0.4,True
250.0,251.0,1.0,83.0,90.0,0.7,True
251.0,252.0,1.0,90.0,89.0,-0.1,True
252.0,253.0,1.0,89.0,84.0,-0.5,True
253.0,254.0,1.0,84.0,82.0,-0.2,True
254.0,255.0,1.0,82.0,82.0,0.0,True
255.0,256.0,1.0,82.0,81.0,-0.1,True
256.0,257.0,1.0,81.0,81.0,0.0,True
257.0,258.0,1.0,81.0,81.0,0.0,True
258.0,259.0,1.0,81.0,83.0,0.2,True
259.0,260.0,1.0,83.0,84.0,0.1,True
260.0,261.0,1.0,84.0,84.0,0.0,True
261.0,262.0,1.0,84.0,86.0,0.2,True
262.0,263.0,1.0,86.0,86.0,0.0,True
263.0,264.0,1.0,86.0,85.0,-0.1,True
264.0,265.0,1.0,85.0,85.0,0.0,True
265.0,266.0,1.0,85.0,84.0,-0.1,True
266.0,267.0,1.0,84.0,88.0,0.4,True
267.0,268.0,1.0,88.0,87.0,-0.1,True
268.0,269.0,1.0,87.0,94.0,0.7,True
269.0,270.0,1.0,94.0,92.0,-0.2,True
270.0,271.0,1.0,92.0,95.0,0.3,True
271.0,272.0,1.0,95.0,95.0,0.0,True
272.0,273.0,1.0,95.0,99.0,0.4,True
273.0,274.0,1.0,99.0,101.0,0.2,True
274.0,275.0,1.0,101.0,104.0,0.3,True
275.0,276.0,1.0,104.0,119.0,1.5,True
276.0,277.0,1.0,119.0,120.0,0.1,True
277.0,278.0,1.0,120.0,112.0,-0.8,True
278.0,279.0,1.0,112.0,113.0,0.1,True
279.0,280.0,1.0,113.0,105.0,-0.8,True
280.0,281.0,1.0,105.0,101.0,-0.4,True
281.0,282.0,1.0,101.0,102.0,0.1,True
282.0,283.0,1.0,102.0,102.0,0.0,True
283.0,284.0,1.0,102.0,105.0,0.3,True
284.0,285.0,1.0,105.0,105.0,0.0,True
285.0,286.0,1.0,105.0,101.0,-0.4,True
286.0,287.0,1.0,101.0,102.0,0.1,True
287.0,288.0,1.0,102.0,102.0,0.0,True
288.0,289.0,1.0,102.0,106.0,0.4,True
289.0,290.0,1.0,106.0,111.0,0.5,True
290.0,291.0,1.0,111.0,122.0,1.1,True
291.0,292.0,1.0,122.0,123.0,0.1,True
292.0,293.0,1.0,123.0,136.0,1.3,True
293.0,294.0,1.0,136.0,131.0,-0.5,True
294.0,295.0,1.0,131.0,127.0,-0.4,True
295.0,296.0,1.0,127.0,126.0,-0.1,True
296.0,297.0,1.0,126.0,127.0,0.1,True
297.0,298.0,1.0,127.0,128.0,0.1,True
298.0,299.0,1.0,128.0,137.0,0.9,True
299.0,300.0,1.0,137.0,122.0,-1.5,True
300.0,301.0,1.0,122.0,118.0,-0.4,True
301.0,302.0,1.0,118.0,126.0,0.8,True
302.0,303.0,1.0,126.0,126.0,0.0,True
303.0,304.0,1.0,126.0,129.0,0.3,True
304.0,305.0,1.0,129.0,128.0,-0.1,True
305.0,306.0,1.0,128.0,121.0,-0.7,True
306.0,307.0,1.0,121.0,115.0,-0.6,True
307.0,308.0,1.0,115.0,114.0,-0.1,True
308.0,309.0,1.0,114.0,120.0,0.6,True
309.0,310.0,1.0,120.0,113.0,-0.7,True
310.0,311.0,1.0,113.0,112.0,-0.1,True
311.0,311.875372,0.875372,112.0,111.0,-0.114237,False
